<?xml version="1.0" encoding="UTF-8"?>
<jcr:root xmlns:sling="http://sling.apache.org/jcr/sling/1.0" xmlns:cq="http://www.day.com/jcr/cq/1.0" xmlns:jcr="http://www.jcp.org/jcr/1.0" xmlns:nt="http://www.jcp.org/jcr/nt/1.0"
    jcr:primaryType="cq:Page">
    <clientlib-base/>
    <clientlib-communities/>
    <clientlib-product-page/>
    <images/>
    <fonts/>
    <jcr:content
        jcr:primaryType="nt:unstructured"
        jcr:title="Frontier Wholesales Design"
        sling:resourceType="wcm/core/components/designer"/>
    <global.less/>
    <common/>
    <clientlib-site/>
    <favicon.ico/>
</jcr:root>
