<?xml version="1.0" encoding="UTF-8"?>
<jcr:root xmlns:sling="http://sling.apache.org/jcr/sling/1.0" xmlns:cq="http://www.day.com/jcr/cq/1.0" xmlns:jcr="http://www.jcp.org/jcr/1.0" xmlns:nt="http://www.jcp.org/jcr/nt/1.0" xmlns:rep="internal"
    jcr:mixinTypes="[rep:AccessControllable]"
    jcr:primaryType="cq:Page">
    <wcm jcr:primaryType="nt:unstructured">
        <foundation jcr:primaryType="nt:unstructured">
            <components jcr:primaryType="nt:unstructured">
                <responsivegrid jcr:primaryType="nt:unstructured">
                    <we-retail-default
                        jcr:description="Policy for editable layout containers"
                        jcr:lastModified="{Date}2018-03-23T14:08:03.776-07:00"
                        jcr:lastModifiedBy="admin"
                        jcr:primaryType="nt:unstructured"
                        jcr:title="We.Retail Default"
                        sling:resourceType="wcm/core/components/policy/policy"
                        components="[/libs/wcm/foundation/components/responsivegrid,group:Frontier,group:We.Retail]"
                        policyResourceType="wcm/foundation/components/responsivegrid">
                        <cq:authoring jcr:primaryType="nt:unstructured">
                            <assetToComponentMapping jcr:primaryType="nt:unstructured">
                                <image
                                    jcr:primaryType="nt:unstructured"
                                    assetGroup="media"
                                    assetMimetype="image/*"
                                    droptarget="image"
                                    resourceType="we-retail/components/content/image"
                                    type="Images"/>
                                <product
                                    jcr:primaryType="nt:unstructured"
                                    assetGroup="product"
                                    droptarget="product-data-reference"
                                    resourceType="commerce/components/product"
                                    type="Products"/>
                                <flash
                                    jcr:primaryType="nt:unstructured"
                                    assetGroup="media"
                                    assetMimetype="application/x-shockwave-flash"
                                    droptarget="flash"
                                    resourceType="foundation/components/flash"
                                    type="Images"/>
                                <document
                                    jcr:primaryType="nt:unstructured"
                                    assetGroup="media"
                                    assetMimetype="[application/vnd.openxmlformats,application/msword,application/vnd.ms-powerpoint,application/mspowerpoint,application/powerpoint,application/x-mspowerpoint,application/x-msexcel,application/x-excel,application/excel,application/vnd.ms-excel,application/pdf,application/vnd.openxmlformats-officedocument.wordprocessingml.document]"
                                    droptarget="file"
                                    resourceType="foundation/components/download"
                                    type="Images"/>
                                <video
                                    jcr:primaryType="nt:unstructured"
                                    assetGroup="media"
                                    assetMimetype="video/*"
                                    droptarget="video"
                                    resourceType="foundation/components/video"
                                    type="Images"/>
                                <fragment
                                    jcr:primaryType="nt:unstructured"
                                    assetGroup="media"
                                    assetMimetype="text/html"
                                    droptarget="fragment"
                                    resourceType="we-retail/components/content/content-fragment"
                                    type="Content Fragment"/>
                            </assetToComponentMapping>
                        </cq:authoring>
                    </we-retail-default>
                    <we-retail-structure
                        jcr:description="Policy for templates to allow structure components"
                        jcr:lastModified="{Date}2016-02-16T21:38:49.301+01:00"
                        jcr:lastModifiedBy="admin"
                        jcr:primaryType="nt:unstructured"
                        jcr:title="We.Retail Structure"
                        sling:resourceType="wcm/core/components/policy/policy"
                        components="[group:We.Retail,group:We.Retail.Structure,/libs/wcm/foundation/components/responsivegrid]"
                        policyResourceType="wcm/foundation/components/responsivegrid">
                        <cq:authoring jcr:primaryType="nt:unstructured">
                            <assetToComponentMapping jcr:primaryType="nt:unstructured">
                                <image
                                    jcr:primaryType="nt:unstructured"
                                    assetGroup="media"
                                    assetMimetype="image/*"
                                    droptarget="image"
                                    resourceType="we-retail/components/content/image"
                                    type="Images"/>
                                <product
                                    jcr:primaryType="nt:unstructured"
                                    assetGroup="product"
                                    droptarget="product-data-reference"
                                    resourceType="commerce/components/product"
                                    type="Products"/>
                                <flash
                                    jcr:primaryType="nt:unstructured"
                                    assetGroup="media"
                                    assetMimetype="application/x-shockwave-flash"
                                    droptarget="flash"
                                    resourceType="foundation/components/flash"
                                    type="Images"/>
                                <document
                                    jcr:primaryType="nt:unstructured"
                                    assetGroup="media"
                                    assetMimetype="[application/vnd.openxmlformats,application/msword,application/vnd.ms-powerpoint,application/mspowerpoint,application/powerpoint,application/x-mspowerpoint,application/x-msexcel,application/x-excel,application/excel,application/vnd.ms-excel,application/pdf,application/vnd.openxmlformats-officedocument.wordprocessingml.document]"
                                    droptarget="file"
                                    resourceType="foundation/components/download"
                                    type="Images"/>
                                <video
                                    jcr:primaryType="nt:unstructured"
                                    assetGroup="media"
                                    assetMimetype="video/*"
                                    droptarget="video"
                                    resourceType="foundation/components/video"
                                    type="Images"/>
                                <fragment
                                    jcr:primaryType="nt:unstructured"
                                    assetGroup="media"
                                    assetMimetype="text/html"
                                    droptarget="fragment"
                                    resourceType="we-retail/components/content/content-fragment"
                                    type="Content Fragment"/>
                            </assetToComponentMapping>
                        </cq:authoring>
                    </we-retail-structure>
                    <locked
                        jcr:description="Policy of the locked parsys"
                        jcr:primaryType="nt:unstructured"
                        jcr:title="Locked Parsys Policy"
                        sling:resourceType="wcm/core/components/policy/policy"
                        components="group:General"/>
                </responsivegrid>
            </components>
        </foundation>
    </wcm>
    <frontierWholesales
        jcr:primaryType="nt:unstructured"
        sling:resourceType="nt:unstructured">
        <components
            jcr:primaryType="nt:unstructured"
            sling:resourceType="nt:unstructured">
            <structure
                jcr:primaryType="nt:unstructured"
                sling:resourceType="nt:unstructured">
                <page
                    jcr:primaryType="nt:unstructured"
                    sling:resourceType="nt:unstructured">
                    <we-retail-product-page
                        jcr:description="Policy for product pages"
                        jcr:lastModified="{Date}2016-03-03T18:52:44.719+01:00"
                        jcr:lastModifiedBy="admin"
                        jcr:primaryType="nt:unstructured"
                        jcr:title="We.Retail Product Page"
                        sling:resourceType="wcm/core/components/policy/policy"
                        clientlibs="[we-retail.product-page]"/>
                </page>
                <breadcrumb
                    jcr:primaryType="nt:unstructured"
                    sling:resourceType="nt:unstructured">
                    <we-retail-experience-page
                        jcr:description="Policy for breadcrumb on experience pages"
                        jcr:lastModified="{Date}2016-03-03T18:52:44.719+01:00"
                        jcr:lastModifiedBy="admin"
                        jcr:primaryType="nt:unstructured"
                        jcr:title="We.Retail Experience Page Breadcrumb"
                        sling:resourceType="wcm/core/components/policy/policy"
                        absParent="3"
                        relParent="1"/>
                    <we-retail-product-page
                        jcr:description="Policy for breadcrumb on product pages"
                        jcr:lastModified="{Date}2016-03-03T18:52:44.719+01:00"
                        jcr:lastModifiedBy="admin"
                        jcr:primaryType="nt:unstructured"
                        jcr:title="We.Retail Product Page Breadcrumb"
                        sling:resourceType="wcm/core/components/policy/policy"
                        absParent="5"
                        relParent="1"/>
                </breadcrumb>
            </structure>
            <content
                jcr:primaryType="nt:unstructured"
                sling:resourceType="nt:unstructured"/>
        </components>
    </frontierWholesales>
</jcr:root>
