<?xml version="1.0" encoding="UTF-8"?>
<jcr:root xmlns:sling="http://sling.apache.org/jcr/sling/1.0" xmlns:cq="http://www.day.com/jcr/cq/1.0" xmlns:jcr="http://www.jcp.org/jcr/1.0" xmlns:nt="http://www.jcp.org/jcr/nt/1.0"
    jcr:primaryType="nt:unstructured">
    <content
        jcr:primaryType="nt:unstructured"
        class="wcm-foundation-list-v2">
        <items jcr:primaryType="nt:unstructured">
            <settings jcr:primaryType="nt:unstructured">
                <items jcr:primaryType="nt:unstructured">
                    <column jcr:primaryType="nt:unstructured">
                        <items jcr:primaryType="nt:unstructured">
                            <displayAs
                                jcr:primaryType="nt:unstructured"
                                sling:resourceType="granite/ui/components/foundation/form/select"
                                fieldLabel="Display as"
                                name="./displayAs">
                                <items jcr:primaryType="nt:unstructured">
                                    <products
                                        jcr:primaryType="nt:unstructured"
                                        text="Products"
                                        value="products"/>
                                </items>
                            </displayAs>
                        </items>
                    </column>
                </items>
            </settings>
        </items>
    </content>
</jcr:root>
