<?xml version="1.0" encoding="UTF-8"?>
<jcr:root xmlns:sling="http://sling.apache.org/jcr/sling/1.0" xmlns:cq="http://www.day.com/jcr/cq/1.0" xmlns:jcr="http://www.jcp.org/jcr/1.0" xmlns:nt="http://www.jcp.org/jcr/nt/1.0"
    jcr:primaryType="nt:unstructured"
    jcr:title="List"
    sling:resourceType="cq/gui/components/authoring/dialog"
    helpPath="en/cq/current/wcm/default_components.html#List">
    <content
        jcr:primaryType="nt:unstructured"
        sling:resourceType="granite/ui/components/foundation/container">
        <layout
            jcr:primaryType="nt:unstructured"
            sling:resourceType="granite/ui/components/foundation/layouts/tabs"
            type="nav"/>
        <items jcr:primaryType="nt:unstructured">
            <settings
                jcr:primaryType="nt:unstructured"
                jcr:title="Settings"
                sling:resourceType="granite/ui/components/foundation/section">
                <layout
                    jcr:primaryType="nt:unstructured"
                    sling:resourceType="granite/ui/components/foundation/layouts/fixedcolumns"
                    margin="{Boolean}false"/>
                <items jcr:primaryType="nt:unstructured">
                    <column
                        jcr:primaryType="nt:unstructured"
                        sling:resourceType="granite/ui/components/foundation/container">
                        <items
                            jcr:primaryType="nt:unstructured"
                            sling:hideChildren="[limit,pagination]">
                            <listFrom
                                jcr:primaryType="nt:unstructured"
                                sling:resourceType="granite/ui/components/foundation/form/select"
                                class="cq-dialog-dropdown-showhide"
                                cq-dialog-dropdown-showhide-target=".list-option-listfrom-showhide-target"
                                fieldLabel="Build list using"
                                name="./listFrom">
                                <items jcr:primaryType="nt:unstructured">
                                    <children
                                        jcr:primaryType="nt:unstructured"
                                        text="Child pages"
                                        value="children"/>
                                    <static
                                        jcr:primaryType="nt:unstructured"
                                        text="Fixed list"
                                        value="static"/>
                                    <search
                                        jcr:primaryType="nt:unstructured"
                                        text="Search"
                                        value="search"/>
                                    <querybuilder
                                        jcr:primaryType="nt:unstructured"
                                        text="Advanced Search"
                                        value="querybuilder"/>
                                    <tags
                                        jcr:primaryType="nt:unstructured"
                                        text="Tags"
                                        value="tags"/>
                                </items>
                            </listFrom>
                            <setChildren
                                jcr:primaryType="nt:unstructured"
                                sling:resourceType="granite/ui/components/foundation/container"
                                class="hide list-option-listfrom-showhide-target foundation-layout-util-vmargin"
                                showhidetargetvalue="children">
                                <items jcr:primaryType="nt:unstructured">
                                    <heading
                                        jcr:primaryType="nt:unstructured"
                                        sling:resourceType="granite/ui/components/foundation/heading"
                                        class="coral-Heading coral-Heading--4"
                                        level="{Long}4"
                                        text="Options for Child Pages"/>
                                    <well
                                        jcr:primaryType="nt:unstructured"
                                        sling:resourceType="granite/ui/components/foundation/container">
                                        <layout
                                            jcr:primaryType="nt:unstructured"
                                            sling:resourceType="granite/ui/components/foundation/layouts/well"/>
                                        <items jcr:primaryType="nt:unstructured">
                                            <parentPage
                                                jcr:primaryType="nt:unstructured"
                                                sling:resourceType="granite/ui/components/foundation/form/pathbrowser"
                                                fieldDescription="Leave empty to use current page"
                                                fieldLabel="Parent page"
                                                name="./parentPage"
                                                rootPath="/content"/>
                                        </items>
                                    </well>
                                </items>
                            </setChildren>
                            <setDescendants
                                jcr:primaryType="nt:unstructured"
                                sling:resourceType="granite/ui/components/foundation/container"
                                class="hide list-option-listfrom-showhide-target foundation-layout-util-vmargin"
                                showhidetargetvalue="descendants">
                                <items jcr:primaryType="nt:unstructured">
                                    <heading
                                        jcr:primaryType="nt:unstructured"
                                        sling:resourceType="granite/ui/components/foundation/heading"
                                        class="coral-Heading coral-Heading--4"
                                        level="{Long}4"
                                        text="Options for Descendant Pages"/>
                                    <well
                                        jcr:primaryType="nt:unstructured"
                                        sling:resourceType="granite/ui/components/foundation/container">
                                        <layout
                                            jcr:primaryType="nt:unstructured"
                                            sling:resourceType="granite/ui/components/foundation/layouts/well"/>
                                        <items jcr:primaryType="nt:unstructured">
                                            <parentPage
                                                jcr:primaryType="nt:unstructured"
                                                sling:resourceType="granite/ui/components/foundation/form/pathbrowser"
                                                fieldDescription="Leave empty to use current page"
                                                fieldLabel="Descendants of"
                                                name="./ancestorPage"
                                                rootPath="/content"/>
                                        </items>
                                    </well>
                                </items>
                            </setDescendants>
                            <setStatic
                                jcr:primaryType="nt:unstructured"
                                sling:resourceType="granite/ui/components/foundation/container"
                                class="hide list-option-listfrom-showhide-target foundation-layout-util-vmargin"
                                showhidetargetvalue="static">
                                <items jcr:primaryType="nt:unstructured">
                                    <heading
                                        jcr:primaryType="nt:unstructured"
                                        sling:resourceType="granite/ui/components/foundation/heading"
                                        class="coral-Heading coral-Heading--4"
                                        level="{Long}4"
                                        text="Options for Fixed list"/>
                                    <well
                                        jcr:primaryType="nt:unstructured"
                                        sling:resourceType="granite/ui/components/foundation/container">
                                        <layout
                                            jcr:primaryType="nt:unstructured"
                                            sling:resourceType="granite/ui/components/foundation/layouts/well"/>
                                        <items jcr:primaryType="nt:unstructured">
                                            <pages
                                                jcr:primaryType="nt:unstructured"
                                                sling:resourceType="granite/ui/components/foundation/form/multifield"
                                                class="foundation-layout-util-maximized-alt">
                                                <field
                                                    jcr:primaryType="nt:unstructured"
                                                    sling:resourceType="granite/ui/components/foundation/form/pathbrowser"
                                                    name="./pages"
                                                    rootPath="/content"/>
                                            </pages>
                                        </items>
                                    </well>
                                </items>
                            </setStatic>
                            <setSearch
                                jcr:primaryType="nt:unstructured"
                                sling:resourceType="granite/ui/components/foundation/container"
                                class="hide list-option-listfrom-showhide-target foundation-layout-util-vmargin"
                                showhidetargetvalue="search">
                                <items jcr:primaryType="nt:unstructured">
                                    <heading
                                        jcr:primaryType="nt:unstructured"
                                        sling:resourceType="granite/ui/components/foundation/heading"
                                        class="coral-Heading coral-Heading--4"
                                        level="{Long}4"
                                        text="Options for Search"/>
                                    <well
                                        jcr:primaryType="nt:unstructured"
                                        sling:resourceType="granite/ui/components/foundation/container">
                                        <layout
                                            jcr:primaryType="nt:unstructured"
                                            sling:resourceType="granite/ui/components/foundation/layouts/well"/>
                                        <items jcr:primaryType="nt:unstructured">
                                            <searchIn
                                                jcr:primaryType="nt:unstructured"
                                                sling:resourceType="granite/ui/components/foundation/form/pathbrowser"
                                                fieldDescription="Leave empty to use current site (eg. /content/mysite)"
                                                fieldLabel="Search in"
                                                name="./searchIn"
                                                rootPath="/content"/>
                                            <query
                                                jcr:primaryType="nt:unstructured"
                                                sling:resourceType="granite/ui/components/foundation/form/textfield"
                                                fieldLabel="Search query"
                                                name="./query"/>
                                        </items>
                                    </well>
                                </items>
                            </setSearch>
                            <setQuerybuilder
                                jcr:primaryType="nt:unstructured"
                                sling:resourceType="granite/ui/components/foundation/container"
                                class="hide list-option-listfrom-showhide-target foundation-layout-util-vmargin"
                                showhidetargetvalue="querybuilder">
                                <items jcr:primaryType="nt:unstructured">
                                    <heading
                                        jcr:primaryType="nt:unstructured"
                                        sling:resourceType="granite/ui/components/foundation/heading"
                                        class="coral-Heading coral-Heading--4"
                                        level="{Long}4"
                                        text="Options for Advanced search"/>
                                    <well
                                        jcr:primaryType="nt:unstructured"
                                        sling:resourceType="granite/ui/components/foundation/container">
                                        <layout
                                            jcr:primaryType="nt:unstructured"
                                            sling:resourceType="granite/ui/components/foundation/layouts/well"/>
                                        <items jcr:primaryType="nt:unstructured">
                                            <savedquery
                                                jcr:primaryType="nt:unstructured"
                                                sling:resourceType="granite/ui/components/foundation/form/textarea"
                                                class="foundation-layout-util-maximized-alt"
                                                fieldLabel="Querybuilder predicate notation"
                                                name="./savedquery"/>
                                        </items>
                                    </well>
                                </items>
                            </setQuerybuilder>
                            <setTags
                                jcr:primaryType="nt:unstructured"
                                sling:resourceType="granite/ui/components/foundation/container"
                                class="hide list-option-listfrom-showhide-target foundation-layout-util-vmargin"
                                showhidetargetvalue="tags">
                                <items jcr:primaryType="nt:unstructured">
                                    <heading
                                        jcr:primaryType="nt:unstructured"
                                        sling:resourceType="granite/ui/components/foundation/heading"
                                        class="coral-Heading coral-Heading--4"
                                        level="{Long}4"
                                        text="Options for Tags"/>
                                    <well
                                        jcr:primaryType="nt:unstructured"
                                        sling:resourceType="granite/ui/components/foundation/container">
                                        <layout
                                            jcr:primaryType="nt:unstructured"
                                            sling:resourceType="granite/ui/components/foundation/layouts/well"/>
                                        <items jcr:primaryType="nt:unstructured">
                                            <parentPage
                                                jcr:primaryType="nt:unstructured"
                                                sling:resourceType="granite/ui/components/foundation/form/pathbrowser"
                                                fieldDescription="Leave empty to use current page"
                                                fieldLabel="Parent page"
                                                name="./tagsSearchRoot"
                                                rootPath="/content"/>
                                            <tags
                                                jcr:primaryType="nt:unstructured"
                                                sling:resourceType="cq/gui/components/common/tagspicker"
                                                fieldLabel="Tags"
                                                name="./tags"/>
                                            <match
                                                jcr:primaryType="nt:unstructured"
                                                sling:resourceType="granite/ui/components/foundation/form/select"
                                                fieldLabel="Match"
                                                name="./tagsMatch">
                                                <items jcr:primaryType="nt:unstructured">
                                                    <any
                                                        jcr:primaryType="nt:unstructured"
                                                        text="any tag"
                                                        value="any"/>
                                                    <all
                                                        jcr:primaryType="nt:unstructured"
                                                        text="all tags"
                                                        value="all"/>
                                                </items>
                                            </match>
                                        </items>
                                    </well>
                                </items>
                            </setTags>
                            <displayAs
                                jcr:primaryType="nt:unstructured"
                                sling:resourceType="granite/ui/components/foundation/form/select"
                                fieldLabel="Display as"
                                name="./displayAs">
                                <items
                                    jcr:primaryType="nt:unstructured"
                                    sling:hideChildren="[teasers,news]">
                                    <links
                                        jcr:primaryType="nt:unstructured"
                                        text="Pages"
                                        value="default"/>
                                    <teaser
                                        jcr:primaryType="nt:unstructured"
                                        text="Images"
                                        value="images"/>
                                </items>
                            </displayAs>
                            <orderBy
                                jcr:primaryType="nt:unstructured"
                                sling:resourceType="granite/ui/components/foundation/form/select"
                                fieldDescription="Enter a property like 'jcr:created'"
                                fieldLabel="Order by"
                                name="./orderBy"
                                type="editable">
                                <items jcr:primaryType="nt:unstructured">
                                    <title
                                        jcr:primaryType="nt:unstructured"
                                        text="jcr:title"
                                        value="jcr:title"/>
                                    <created
                                        jcr:primaryType="nt:unstructured"
                                        text="jcr:created"
                                        value="jcr:created"/>
                                    <modified
                                        jcr:primaryType="nt:unstructured"
                                        text="cq:lastModified"
                                        value="cq:lastModified"/>
                                    <template
                                        jcr:primaryType="nt:unstructured"
                                        text="cq:template"
                                        value="cq:template"/>
                                </items>
                            </orderBy>
                        </items>
                    </column>
                </items>
            </settings>
            <accessibility
                jcr:primaryType="nt:unstructured"
                jcr:title="Accessibility"
                sling:resourceType="granite/ui/components/foundation/section">
                <layout
                    jcr:primaryType="nt:unstructured"
                    sling:resourceType="granite/ui/components/foundation/layouts/fixedcolumns"
                    margin="{Boolean}false"/>
                <items jcr:primaryType="nt:unstructured">
                    <column
                        jcr:primaryType="nt:unstructured"
                        sling:resourceType="granite/ui/components/foundation/container">
                        <items jcr:primaryType="nt:unstructured">
                            <accessiblePrevious
                                jcr:primaryType="nt:unstructured"
                                sling:resourceType="granite/ui/components/foundation/form/textfield"
                                fieldDescription="To improve accessibility describe the context of &quot;Previous&quot; e.g. which list it belongs to."
                                fieldLabel="Description for  &quot;Previous&quot;"
                                name="./accessiblePrevious"/>
                            <accessibleNext
                                jcr:primaryType="nt:unstructured"
                                sling:resourceType="granite/ui/components/foundation/form/textfield"
                                fieldDescription="To improve accessibility describe the context of &quot;Next&quot; e.g. which list it belongs to."
                                fieldLabel="Description for &quot;Next&quot;"
                                name="./accessibleNext"/>
                        </items>
                    </column>
                </items>
            </accessibility>
        </items>
    </content>
</jcr:root>
